db_file,table_name,id,zh,en,vi
lang_multi_text.db,MultiText,Speaker_900165_Name,费加罗,Figaro,Figaro
lang_multi_text.db,MultiText,Speaker_900166_Name,莫里亚蒂,Moriarty,Moriarty
lang_multi_text.db,MultiText,Speaker_900167_Name,洛尔瓦彻,Rohrwacher,Rohrwacher
lang_multi_text.db,MultiText,Speaker_900168_Name,乔安,Joanne,Joanne
lang_multi_text.db,MultiText,Speaker_900169_Name,莫迪利亚尼,Modigliani,Modigliani
lang_multi_text.db,MultiText,Speaker_900170_Name,朱诺,Juno,Juno
lang_multi_text.db,MultiText,Speaker_900171_Name,阿莉切,Alice,Alice
lang_multi_text.db,MultiText,Speaker_900172_Name,罗西里尼,Rosselini,Rosselini
lang_multi_text.db,MultiText,Speaker_900173_Name,丁度,Dindo,Dindo
lang_multi_text.db,MultiText,Speaker_900174_Name,贝贝,Pepe,Pepe
lang_multi_text.db,MultiText,Speaker_900175_Name,莱托,Leto,Leto
lang_multi_text.db,MultiText,Speaker_900176_Name,巴蒂,Batti,Batti
lang_multi_text.db,MultiText,Speaker_900177_Name,家长,Angry Father,Phụ huynh giận dữ
lang_multi_text.db,MultiText,Speaker_900178_Name,贝拉塔尔,Bellata,Bellata
lang_multi_text.db,MultiText,Speaker_900179_Name,赫克托,Hector,Hector
lang_multi_text.db,MultiText,Speaker_900180_Name,雷纳,Renato,Renato
lang_multi_text.db,MultiText,Speaker_900181_Name,西卡,Sica,Sica
lang_multi_text.db,MultiText,Speaker_900182_Name,乔万尼,Giovanniello,Giovanniello
lang_multi_text.db,MultiText,Speaker_900183_Name,亚历山大,Aleksander,Aleksander
lang_multi_text.db,MultiText,Speaker_900184_Name,莲,Lian,Lian
lang_multi_text.db,MultiText,Speaker_900185_Name,阿梅代奥,Amedeo,Amedeo
lang_multi_text.db,MultiText,Speaker_900186_Name,保罗,Paolo,Paolo
lang_multi_text.db,MultiText,Speaker_900187_Name,柯德莉,Cordelia,Cordelia
lang_multi_text.db,MultiText,Speaker_900188_Name,欧博若司,Oboros,Oboros
lang_multi_text.db,MultiText,Speaker_900189_Name,薇薇安,Vivian,Vivian
lang_multi_text.db,MultiText,Speaker_900190_Name,萨巴蒂诺,Sabatino,Sabatino
lang_multi_text.db,MultiText,Speaker_900191_Name,马泰奥,Matheus,Matheus
lang_multi_text.db,MultiText,Speaker_900192_Name,内森,Nathan,Nathan
lang_multi_text.db,MultiText,Speaker_900193_Name,桃,Tao,Tao
lang_multi_text.db,MultiText,Speaker_900194_Name,马泰奥（通讯中）,Matheus,Matheus (Liên lạc)
lang_multi_text.db,MultiText,Speaker_900195_Name,加布里埃尔,Gabriel,Gabriel
lang_multi_text.db,MultiText,Speaker_900196_Name,达维德,Davide,Davide
lang_multi_text.db,MultiText,Speaker_900197_Name,克拉伦丝,Clarisse,Clarisse
lang_multi_text.db,MultiText,Speaker_900198_Name,柳博芙,Lyubov,Lyubov
lang_multi_text.db,MultiText,Speaker_900199_Name,塞尔吉奥,Sergio,Sergio
lang_multi_text.db,MultiText,Speaker_900200_Name,索菲亚,Sofia,Sofia
lang_multi_text.db,MultiText,Speaker_900201_Name,安德里亚,Andrius,Andrius
lang_multi_text.db,MultiText,Speaker_900202_Name,特洛伊,Troy,Troy
lang_multi_text.db,MultiText,Speaker_900203_Name,克拉,Cara,Cara
lang_multi_text.db,MultiText,Speaker_900204_Name,里卡多·德·翡萨烈,Riccardo de Fisalia,Riccardo de Fisalia
lang_multi_text.db,MultiText,Speaker_900205_Name,亚历桑德罗·莫塔里,Alexandro Montelli,Alexandro Montelli
lang_multi_text.db,MultiText,Speaker_900206_Name,小马可,Marcus,Marcus
lang_multi_text.db,MultiText,Speaker_900207_Name,小马克,Marko,Marko
lang_multi_text.db,MultiText,Speaker_900208_Name,诺维利,Novelli,Novelli
lang_multi_text.db,MultiText,Speaker_900209_Name,尼克罗,Niccolo,Niccolo
lang_multi_text.db,MultiText,Speaker_900210_Name,斐林（通讯）,Fulmine,Fulmine (Liên lạc)
lang_multi_text.db,MultiText,Speaker_900211_Name,无名的骑士,Nameless Knight,Kỵ Sĩ Vô Danh
lang_multi_text.db,MultiText,Speaker_900212_Name,消沉的残像,Melancholy Figure,Tàn Tượng U Sầu
lang_multi_text.db,MultiText,Speaker_900213_Name,瑟伯,Thurber,Thurber
lang_multi_text.db,MultiText,Speaker_900214_Name,卢德维卡,Ludvika,Ludvika
lang_multi_text.db,MultiText,Speaker_900215_Name,罗伯托,Roberto,Roberto
lang_multi_text.db,MultiText,Speaker_900216_Name,莫斯托,Mosto,Mosto
lang_multi_text.db,MultiText,Speaker_900217_Name,奥利弗,Oliver,Oliver
lang_multi_text.db,MultiText,Speaker_900218_Name,阿尔布雷德,Alfred,Alfred
lang_multi_text.db,MultiText,Speaker_900219_Name,德米特里,Dimitri,Dimitri
lang_multi_text.db,MultiText,Speaker_900220_Name,通讯,Contacting,Liên lạc
lang_multi_text.db,MultiText,Speaker_900221_Name,恩佐,Enzo,Enzo
lang_multi_text.db,MultiText,Speaker_900222_Name,沃德戈,Fratellone,Fratellone
lang_multi_text.db,MultiText,Speaker_900223_Name,沃德尔戈,Fratello,Fratello
lang_multi_text.db,MultiText,Speaker_900224_Name,沃德蒂,Fratellino,Fratellino
lang_multi_text.db,MultiText,Speaker_900225_Name,梅,Mae,Mae
lang_multi_text.db,MultiText,Speaker_900226_Name,阿尔伯特,Alberto,Alberto
lang_multi_text.db,MultiText,Speaker_900227_Name,齐格勒,Ziegler,Ziegler
lang_multi_text.db,MultiText,Speaker_900228_Name,塔尔,Tar,Tar
lang_multi_text.db,MultiText,Speaker_900229_Name,赛尔吉奥,Sergio,Sergio
lang_multi_text.db,MultiText,Speaker_900230_Name,贝拉诺,Bellano,Bellano
lang_multi_text.db,MultiText,Speaker_900231_Name,亚历山大二世,Aleksander II,Aleksander II
lang_multi_text.db,MultiText,Speaker_900232_Name,卡洛琳娜,Carolina,Carolina
lang_multi_text.db,MultiText,Speaker_900233_Name,浴缸狗狗号,Admiral Tubpup,Admiral Tubpup
lang_multi_text.db,MultiText,Speaker_900234_Name,格兰诺姆,Grahnom,Grahnom
lang_multi_text.db,MultiText,Speaker_900235_Name,玫尔,Mel,Mel
lang_multi_text.db,MultiText,Speaker_900236_Name,傲菈,Aurae,Aurae
lang_multi_text.db,MultiText,Speaker_900237_Name,马克西姆,Maxim,Maxim
lang_multi_text.db,MultiText,Speaker_900238_Name,阿加莎,Agatha,Agatha
lang_multi_text.db,MultiText,Speaker_900239_Name,朱利安,Julian,Julian
lang_multi_text.db,MultiText,Speaker_900240_Name,兰尼,Lanny,Lanny
lang_multi_text.db,MultiText,Speaker_900241_Name,图里奥,Tulio,Tulio
lang_multi_text.db,MultiText,Speaker_900242_Name,焦尔达诺,Giordano,Giordano
lang_multi_text.db,MultiText,Speaker_900243_Name,菲莉,Fili,Fili
lang_multi_text.db,MultiText,Speaker_900244_Name,阿吉奥,Agio,Agio
lang_multi_text.db,MultiText,Speaker_900245_Name,阿尔贝托,Adalbert,Adalbert
lang_multi_text.db,MultiText,Speaker_900246_Name,弗兰切斯卡,Franciscus,Franciscus
lang_multi_text.db,MultiText,Speaker_900247_Name,卡拉丽思,Calaris,Calaris
lang_multi_text.db,MultiText,Speaker_900248_Name,芒阿,Monet,Monet
lang_multi_text.db,MultiText,Speaker_900249_Name,安德拉多,Andrade,Andrade
lang_multi_text.db,MultiText,Speaker_900250_Name,柯萨,Cosa,Cosa
lang_multi_text.db,MultiText,Speaker_900251_Name,拉菲,Rafael,Rafael
lang_multi_text.db,MultiText,Speaker_900252_Name,欧容,Orrin,Orrin
lang_multi_text.db,MultiText,Speaker_900253_Name,格兰姆,Graham,Graham
lang_multi_text.db,MultiText,Speaker_900254_Name,汉姆,Hamm,Hamm
lang_multi_text.db,MultiText,Speaker_900255_Name,娜拉,Nara,Nara
lang_multi_text.db,MultiText,Speaker_900256_Name,比尔,Bill,Bill
lang_multi_text.db,MultiText,Speaker_900257_Name,亚诺希克,Janosik,Janosik
lang_multi_text.db,MultiText,Speaker_900258_Name,暴行骑士,Knight of Atrocity,Kỵ Sĩ Bạo Hành
lang_multi_text.db,MultiText,Speaker_900259_Name,愚蠢骑士,Knight of Ignorance,Kỵ Sĩ Ngu Muội
lang_multi_text.db,MultiText,Speaker_900260_Name,塔伦蒂诺,Tarrentino,Tarrentino
lang_multi_text.db,MultiText,Speaker_900261_Name,里奇,Rickie,Rickie
lang_multi_text.db,MultiText,Speaker_900262_Name,小杜兰德,Durant,Durant
lang_multi_text.db,MultiText,Speaker_900263_Name,詹娜婆婆,Grandma Jenna,Bà Jenna
lang_multi_text.db,MultiText,Speaker_900264_Name,艾玛婆婆,Grandma Emma,Bà Emma
