db_file,table_name,id,zh,en,vi
lang_multi_text.db,MultiText,Speaker_700358_Name,报告厅安保系统,Conference Hall's Security System,Hệ Thống An Ninh Hội Trường
lang_multi_text.db,MultiText,Speaker_700359_Name,拉斯穆斯,Rasmus,Rasmus
lang_multi_text.db,MultiText,Speaker_700360_Name,比约恩,Bjorn,Bjorn
lang_multi_text.db,MultiText,Speaker_700361_Name,英格丽,Inger,Inger
lang_multi_text.db,MultiText,Speaker_700362_Name,约根,Jorgen,Jorgen
lang_multi_text.db,MultiText,Speaker_700363_Name,奥萨,Asa,Asa
lang_multi_text.db,MultiText,Speaker_700364_Name,莉芙,Liv,Liv
lang_multi_text.db,MultiText,Speaker_700365_Name,凑热闹的男孩,Curious Boy,Cậu bé tò mò
lang_multi_text.db,MultiText,Speaker_700366_Name,年轻的罗伊族商贩,Young Roya Merchant,Thương nhân trẻ tộc Roya
lang_multi_text.db,MultiText,Speaker_700367_Name,好心的牧者,Sympathetic Shepherd,Người chăn cừu tốt bụng
lang_multi_text.db,MultiText,Speaker_700368_Name,悲观的少年,Pessimistic Boy,Thiếu niên bi quan
lang_multi_text.db,MultiText,Speaker_700369_Name,英格,Inga,Inga
lang_multi_text.db,MultiText,Speaker_700370_Name,索拉,Serra,Serra
lang_multi_text.db,MultiText,Speaker_700371_Name,英格丽德,Ingrid,Ingrid
lang_multi_text.db,MultiText,Speaker_700372_Name,留索罗特,Lyosroth,Lyosroth
lang_multi_text.db,MultiText,Speaker_700373_Name,亢奋的研究员,Excited Researcher,Nhà nghiên cứu phấn khích
lang_multi_text.db,MultiText,Speaker_700374_Name,迷路的学生,Lost Student,Sinh viên lạc đường
lang_multi_text.db,MultiText,Speaker_700375_Name,乐于助人的牧者,Helpful Shepherd,Người chăn cừu hay giúp đỡ
lang_multi_text.db,MultiText,Speaker_700376_Name,艾纳尔,Einar,Einar
lang_multi_text.db,MultiText,Speaker_700377_Name,西芙,Sif,Sif
lang_multi_text.db,MultiText,Speaker_700378_Name,海莉,Hailey,Hailey
lang_multi_text.db,MultiText,Speaker_700379_Name,受伤的研究员,Injured Researcher,Nhà nghiên cứu bị thương
lang_multi_text.db,MultiText,Speaker_700380_Name,罗伊族医师,Royan Doctor,Bác sĩ tộc Roya
lang_multi_text.db,MultiText,Speaker_700381_Name,德高望重的牧者,Venerable Shepherd,Mục giả đức cao vọng trọng
lang_multi_text.db,MultiText,Speaker_700382_Name,固执的研究员,Stubborn Researcher,Nhà nghiên cứu bướng bỉnh
lang_multi_text.db,MultiText,Speaker_700383_Name,附和的研究员,Chatty Researcher,Nghiên cứu viên hùa theo
lang_multi_text.db,MultiText,Speaker_700384_Name,据理力争的研究员,Argumentative Researcher,Nghiên cứu viên hay tranh luận
lang_multi_text.db,MultiText,Speaker_700385_Name,警惕的研究员,Alert Researcher,Nghiên cứu viên cảnh giác
lang_multi_text.db,MultiText,Speaker_700386_Name,机敏的学生,Quick-witted Student,Học sinh nhanh trí
lang_multi_text.db,MultiText,Speaker_700387_Name,研究员后辈,Junior Researcher,Nghiên cứu viên đàn em
lang_multi_text.db,MultiText,Speaker_700388_Name,扑拉瑞,Paloma,Paloma
lang_multi_text.db,MultiText,Speaker_700389_Name,卡拉拉,Carrara,Carrara
lang_multi_text.db,MultiText,Speaker_700390_Name,狂热的先约记者,Zealous Pioneer Association Reporter,Phóng viên Hiệp Ước Tiên Phong cuồng nhiệt
lang_multi_text.db,MultiText,Speaker_700391_Name,称职的先约摄影,Competent Pioneer Association Photographer,Nhiếp ảnh gia Hiệp Ước Tiên Phong tận tụy
lang_multi_text.db,MultiText,Speaker_700392_Name,兴奋的研究员,Excited Researcher,Nghiên cứu viên phấn khích
lang_multi_text.db,MultiText,Speaker_700393_Name,怀念过去的研究员,Reminiscing Researcher,Nghiên cứu viên hoài niệm
lang_multi_text.db,MultiText,Speaker_700394_Name,疑惑的研究员,Confused Researcher,Nghiên cứu viên hoang mang
lang_multi_text.db,MultiText,Speaker_700395_Name,小心的研究员,Careful Researcher,Nghiên cứu viên cẩn thận
lang_multi_text.db,MultiText,Speaker_700396_Name,天帷机兵,Mechascout,Mechascout
lang_multi_text.db,MultiText,Speaker_700397_Name,文车,Fumiguruma,Fumiguruma
lang_multi_text.db,MultiText,Speaker_700398_Name,期待的学生,Hopeful Student,Học sinh háo hức
lang_multi_text.db,MultiText,Speaker_700399_Name,贝雅特丽齐,Beatriz,Beatriz
lang_multi_text.db,MultiText,Speaker_700400_Name,学生们,Students,Các học sinh
lang_multi_text.db,MultiText,Speaker_700401_Name,激动的学生,Excited Student,Học sinh phấn khích
lang_multi_text.db,MultiText,Speaker_700402_Name,达格伦尔,Dagren,Dagren
lang_multi_text.db,MultiText,Speaker_700403_Name,热情的学生,Enthusiastic Student,Học sinh nhiệt tình
lang_multi_text.db,MultiText,Speaker_700404_Name,细心的学生,Meticulous Student,Học sinh tỉ mỉ
lang_multi_text.db,MultiText,Speaker_700405_Name,索尔林德,Sollind,Sollind
lang_multi_text.db,MultiText,Speaker_700406_Name,古林斯科格,Gullinskogr...,Gullinskogr...
lang_multi_text.db,MultiText,Speaker_700407_Name,罗伊族学生,Royan Student,Học sinh Royan
lang_multi_text.db,MultiText,Speaker_700408_Name,陶醉的牧者,Rapt Shepherd,Người chăn say mê
lang_multi_text.db,MultiText,Speaker_700409_Name,头晕的研究员,Dizzy Researcher,Nghiên cứu viên chóng mặt
lang_multi_text.db,MultiText,Speaker_700410_Name,维特鲁威,Vitruvio,Vitruvio
lang_multi_text.db,MultiText,Speaker_700411_Name,阿尔维斯,Alviss,Alviss
lang_multi_text.db,MultiText,Speaker_700412_Name,好学的学生,Studious Student,Học sinh chăm chỉ
lang_multi_text.db,MultiText,Speaker_700413_Name,老练的罗伊商贩,Shrewd Royan Merchant,Thương nhân Royan lão luyện
lang_multi_text.db,MultiText,Speaker_700414_Name,困惑的新人,Confused Newcomer,Người mới bối rối
lang_multi_text.db,MultiText,Speaker_700415_Name,赫拉夫维德,Hrafnvid,Hrafnvid
lang_multi_text.db,MultiText,Speaker_700416_Name,无奈的前辈,Resigned Senior,Tiền bối bất lực
lang_multi_text.db,MultiText,Speaker_700417_Name,初到营地的研究员,Newly-arrived Researcher,Nghiên cứu viên mới đến trại
lang_multi_text.db,MultiText,Speaker_700418_Name,约塞米蒂,Yosemite,Yosemite
lang_multi_text.db,MultiText,Speaker_700419_Name,写乐,Sharaku,Sharaku
lang_multi_text.db,MultiText,Speaker_700420_Name,负重的青年,Weight-carrying Youth,Thanh niên mang nặng
lang_multi_text.db,MultiText,Speaker_700421_Name,经验丰富的妇人,Experienced Woman,Phụ nữ giàu kinh nghiệm
lang_multi_text.db,MultiText,Speaker_700422_Name,年幼的牧者,Young Shepherd,Người chăn nhỏ tuổi
lang_multi_text.db,MultiText,Speaker_700423_Name,慈爱的牧者,Compassionate Shepherd,Người chăn nhân từ
lang_multi_text.db,MultiText,Speaker_700424_Name,未知联系人,Unknown Sender,Người liên hệ không rõ
lang_multi_text.db,MultiText,Speaker_700425_Name,激愤的牧者,Angry Shepherd,Người chăn phẫn nộ
lang_multi_text.db,MultiText,Speaker_700426_Name,胆怯的青年,Nervous Roya,Thanh niên rụt rè
lang_multi_text.db,MultiText,Speaker_700427_Name,杉德尔,Sundell,Sundell
lang_multi_text.db,MultiText,Speaker_700428_Name,高斯,Gauss,Gauss
lang_multi_text.db,MultiText,Speaker_700429_Name,普洛特,Plott,Plott
lang_multi_text.db,MultiText,Speaker_700430_Name,阿莫迪欧,Amodeo,Amodeo
lang_multi_text.db,MultiText,Speaker_700431_Name,约西亚,Josiah,Josiah
lang_multi_text.db,MultiText,Speaker_700432_Name,斯特潘,Stepan,Stepan
lang_multi_text.db,MultiText,Speaker_700433_Name,维卡,Vika,Vika
lang_multi_text.db,MultiText,Speaker_700434_Name,谢弗勒尔,Chevreuler,Chevreuler
lang_multi_text.db,MultiText,Speaker_700435_Name,杜瓦,Dewar,Dewar
lang_multi_text.db,MultiText,Speaker_700436_Name,艾莎,Aisha,Aisha
lang_multi_text.db,MultiText,Speaker_700437_Name,卡西尼,Cassini,Cassini
lang_multi_text.db,MultiText,Speaker_700438_Name,哈金斯,Huggins,Huggins
lang_multi_text.db,MultiText,Speaker_700439_Name,谢灵顿,Sherrington,Sherrington
lang_multi_text.db,MultiText,Speaker_700440_Name,斯塔尼克,Stanik,Stanik
lang_multi_text.db,MultiText,Speaker_700441_Name,沃拉斯顿,Wollaston,Wollaston
lang_multi_text.db,MultiText,Speaker_700442_Name,夏尔巴恩,Sharbon,Sharbon
lang_multi_text.db,MultiText,Speaker_700443_Name,阿伽卡里,Agacari,Agacari
lang_multi_text.db,MultiText,Speaker_700444_Name,伍尔夫,Wolfe,Wolfe
lang_multi_text.db,MultiText,Speaker_700445_Name,马洛,Marlow,Marlow
lang_multi_text.db,MultiText,Speaker_700446_Name,达尔,Dahl,Dahl
lang_multi_text.db,MultiText,Speaker_700447_Name,霍伊尔,Hoyer,Hoyer
lang_multi_text.db,MultiText,Speaker_700448_Name,阿希提卡,Ashtika,Ashtika
lang_multi_text.db,MultiText,Speaker_700449_Name,桑德兰,Sanderland,Sanderland
lang_multi_text.db,MultiText,Speaker_700450_Name,伊奥玛特,Iomatt,Iomatt
lang_multi_text.db,MultiText,Speaker_700451_Name,恩斯特,Ernst,Ernst
lang_multi_text.db,MultiText,Speaker_700452_Name,伽莫夫,Gamov,Gamov
lang_multi_text.db,MultiText,Speaker_700453_Name,席林斯,Silins,Silins
lang_multi_text.db,MultiText,Speaker_700454_Name,帕洛尼菈,Palonira,Palonira
lang_multi_text.db,MultiText,Speaker_700455_Name,普菲茨纳,Fitzner,Fitzner
lang_multi_text.db,MultiText,Speaker_700456_Name,卡罗伊,Karoy,Karoy
lang_multi_text.db,MultiText,Speaker_700457_Name,加多林,Gadolin,Gadolin
