db_file,table_name,id,zh,en,vi
lang_multi_text.db,MultiText,Speaker_700183_Name,德特,Dieter,Dieter
lang_multi_text.db,MultiText,Speaker_700184_Name,康弗,Confere,Confere
lang_multi_text.db,MultiText,Speaker_700185_Name,雷瑟,Rashelle,Rashelle
lang_multi_text.db,MultiText,Speaker_700186_Name,伦斯,Rense,Rense
lang_multi_text.db,MultiText,Speaker_700187_Name,彼尔,Pier,Pier
lang_multi_text.db,MultiText,Speaker_700188_Name,斯维尔,Searle,Searle
lang_multi_text.db,MultiText,Speaker_700189_Name,桑普,Samp,Samp
lang_multi_text.db,MultiText,Speaker_700190_Name,迪那利,Denali,Denali
lang_multi_text.db,MultiText,Speaker_700191_Name,卡雷斯,Caleres,Caleres
lang_multi_text.db,MultiText,Speaker_700192_Name,茵奎尔,Ynkwell,Ynkwell
lang_multi_text.db,MultiText,Speaker_700193_Name,高丝,Grace,Grace
lang_multi_text.db,MultiText,Speaker_700194_Name,格涅夏,Gnessa,Gnessa
lang_multi_text.db,MultiText,Speaker_700195_Name,巴林,Barlin,Barlin
lang_multi_text.db,MultiText,Speaker_700196_Name,dnt/{PlayerName}思考,{PlayerName} (Contemplating),{PlayerName} (Contemplating)
lang_multi_text.db,MultiText,Speaker_700197_Name,dnt/{PlayerName}平静微笑,{PlayerName} (Smiling serenely),{PlayerName} (Smiling serenely)
lang_multi_text.db,MultiText,Speaker_700198_Name,dnt/{PlayerName}眯眼笑,{PlayerName} (Smiling with eyes crinkled),{PlayerName} (Smiling with eyes crinkled)
lang_multi_text.db,MultiText,Speaker_700199_Name,dnt/{PlayerName}无语,{PlayerName} (Speechless),{PlayerName} (Speechless)
lang_multi_text.db,MultiText,Speaker_700200_Name,围观的七丘人,Septimontian Onlookers,Người Thất Khâu đứng xem
lang_multi_text.db,MultiText,Speaker_700201_Name,高傲的七丘人,Arrogant Septimontian,Người Thất Khâu kiêu ngạo
lang_multi_text.db,MultiText,Speaker_700202_Name,冷漠的七丘人,Cold Septimontian,Người Thất Khâu lạnh lùng
lang_multi_text.db,MultiText,Speaker_700203_Name,贵族的仆从,Noble's Servant,Bộc tùng quý tộc
lang_multi_text.db,MultiText,Speaker_700204_Name,观众,Spectators,Khán giả
lang_multi_text.db,MultiText,Speaker_700205_Name,亚里德尔,Aridel,Aridel
lang_multi_text.db,MultiText,Speaker_700207_Name,弗洛洛,Phrolova,Phrolova
lang_multi_text.db,MultiText,Speaker_700208_Name,接引教士,Guiding Acolyte,Giáo sĩ dẫn đường
lang_multi_text.db,MultiText,Speaker_700209_Name,负伤的村民,Wounded Villager,Dân làng bị thương
lang_multi_text.db,MultiText,Speaker_700210_Name,智能助理,AI Assistant,Trợ lý AI
lang_multi_text.db,MultiText,Speaker_700211_Name,纳波利塔,Napolita,Napolita
lang_multi_text.db,MultiText,Speaker_700212_Name,惠勒,Haley,Haley
lang_multi_text.db,MultiText,Speaker_700213_Name,维尔姆,Vilmr,Vilmr
lang_multi_text.db,MultiText,Speaker_700214_Name,敏娜,Minna,Minna
lang_multi_text.db,MultiText,Speaker_700215_Name,呼呼,Hoo,Hoo
lang_multi_text.db,MultiText,Speaker_700216_Name,唏唏,Shee,Shee
lang_multi_text.db,MultiText,Speaker_700217_Name,呼呼，噜噜，唏唏,"Hoo, Lulu, Shee","Hoo, Lulu, Shee"
lang_multi_text.db,MultiText,Speaker_700218_Name,伊,Eee,Eee
lang_multi_text.db,MultiText,Speaker_700219_Name,尤晶,Euginn,Euginn
lang_multi_text.db,MultiText,Speaker_700220_Name,巨日灵,Giant Soliskin,Giant Soliskin
lang_multi_text.db,MultiText,Speaker_700221_Name,敏娜的终端,Minna's Terminal,Thiết bị đầu cuối của Minna
lang_multi_text.db,MultiText,Speaker_700222_Name,被解救的日灵们,Rescued Soliskin,Các Soliskin được giải cứu
lang_multi_text.db,MultiText,Speaker_700223_Name,思澜,Silan,Silan
lang_multi_text.db,MultiText,Speaker_700224_Name,安切洛,Ancelo,Ancelo
lang_multi_text.db,MultiText,Speaker_700225_Name,安切洛&思澜,Ancelo & Silan,Ancelo & Silan
lang_multi_text.db,MultiText,Speaker_700226_Name,思澜&安切洛,Silan & Ancelo,Silan & Ancelo
lang_multi_text.db,MultiText,Speaker_700227_Name,安切洛（通讯中）,Ancelo,Ancelo (trong liên lạc)
lang_multi_text.db,MultiText,Speaker_700228_Name,年长的日灵,Elder Soliskin,Soliskin lão niên
lang_multi_text.db,MultiText,Speaker_700229_Name,艾洛温,Elowyn,Elowyn
lang_multi_text.db,MultiText,Speaker_700230_Name,艾洛温（通讯中）,Elowyn,Elowyn (trong liên lạc)
lang_multi_text.db,MultiText,Speaker_700231_Name,嚼嚼,Chomp Chomp,Chomp Chomp
lang_multi_text.db,MultiText,Speaker_700232_Name,怀明,Huaiming,Huaiming
lang_multi_text.db,MultiText,Speaker_700233_Name,瑞莱亚,Rayla,Rayla
lang_multi_text.db,MultiText,Speaker_700234_Name,瑞霖,Reilynn,Reilynn
lang_multi_text.db,MultiText,Speaker_700235_Name,阿古那,Agune,Agune
lang_multi_text.db,MultiText,Speaker_700236_Name,莱娜娅,Lenaia,Lenaia
lang_multi_text.db,MultiText,Speaker_700237_Name,第欧妮,Dionne,Dionne
lang_multi_text.db,MultiText,Speaker_700238_Name,卡兰娜,Kellanna,Kellanna
lang_multi_text.db,MultiText,Speaker_700239_Name,伦纳德,Lenard,Lenard
lang_multi_text.db,MultiText,Speaker_700240_Name,沉岳,Chenyue,Chenyue
lang_multi_text.db,MultiText,Speaker_700241_Name,安妮塔,Anita,Anita
lang_multi_text.db,MultiText,Speaker_700242_Name,阿希尔德,Ashild,Ashild
lang_multi_text.db,MultiText,Speaker_700243_Name,丹尼斯,Dennis,Dennis
lang_multi_text.db,MultiText,Speaker_700244_Name,菲斯塔,Festa,Festa
lang_multi_text.db,MultiText,Speaker_700245_Name,奥洛夫,Olof,Olof
lang_multi_text.db,MultiText,Speaker_700246_Name,切斯特,Chessa,Chessa
lang_multi_text.db,MultiText,Speaker_700247_Name,卡利斯,Calith,Calith
lang_multi_text.db,MultiText,Speaker_700248_Name,波可尔,Bockel,Bockel
lang_multi_text.db,MultiText,Speaker_700249_Name,艾顿,Eaton,Eaton
lang_multi_text.db,MultiText,Speaker_700250_Name,芬尼,Finnley,Finnley
lang_multi_text.db,MultiText,Speaker_700251_Name,普罗斯,Prinzhorn,Prinzhorn
lang_multi_text.db,MultiText,Speaker_700252_Name,卡里斯,Karis,Karis
lang_multi_text.db,MultiText,Speaker_700253_Name,埃泽,Azor,Azor
lang_multi_text.db,MultiText,Speaker_700254_Name,拉亚,Lathar,Lathar
lang_multi_text.db,MultiText,Speaker_700255_Name,霍伊伦,Roylan,Roylan
lang_multi_text.db,MultiText,Speaker_700256_Name,梅伦,Maren,Maren
lang_multi_text.db,MultiText,Speaker_700257_Name,特雷,Trey,Trey
lang_multi_text.db,MultiText,Speaker_700258_Name,惠特莫尔,Whitmore,Whitmore
lang_multi_text.db,MultiText,Speaker_700259_Name,基顿,Keaton,Keaton
lang_multi_text.db,MultiText,Speaker_700260_Name,凯利,Kelleher,Kelleher
lang_multi_text.db,MultiText,Speaker_700261_Name,利德尔,Lydell,Lydell
lang_multi_text.db,MultiText,Speaker_700262_Name,扎伊尔,Zahir,Zahir
lang_multi_text.db,MultiText,Speaker_700263_Name,米诺特,Minotte,Minotte
lang_multi_text.db,MultiText,Speaker_700264_Name,伊曼纽尔,Emmanuelle,Emmanuelle
lang_multi_text.db,MultiText,Speaker_700265_Name,多苏穆,Dosumu,Dosumu
lang_multi_text.db,MultiText,Speaker_700266_Name,桑蒂,Santhia,Santhia
lang_multi_text.db,MultiText,Speaker_700267_Name,多尔特,Torsten,Torsten
lang_multi_text.db,MultiText,Speaker_700268_Name,塞布尔,Sable,Sable
lang_multi_text.db,MultiText,Speaker_700269_Name,阿夫迪亚,Avdija,Avdija
lang_multi_text.db,MultiText,Speaker_700270_Name,亚杜,Jadu,Jadu
lang_multi_text.db,MultiText,Speaker_700271_Name,加布,Gabbar,Gabbar
lang_multi_text.db,MultiText,Speaker_700272_Name,奥索,Ossa,Ossa
lang_multi_text.db,MultiText,Speaker_700273_Name,多曼塔斯,Domantas,Domantas
lang_multi_text.db,MultiText,Speaker_700274_Name,莱利,Rylee,Rylee
lang_multi_text.db,MultiText,Speaker_700275_Name,科内特,Cornet,Cornet
lang_multi_text.db,MultiText,Speaker_700276_Name,康诺顿,Connerton,Connerton
lang_multi_text.db,MultiText,Speaker_700277_Name,曼恩,Manne,Manne
lang_multi_text.db,MultiText,Speaker_700278_Name,提贾尼,Tidjani,Tidjani
lang_multi_text.db,MultiText,Speaker_700279_Name,克尼佩尔,Knipper,Knipper
lang_multi_text.db,MultiText,Speaker_700280_Name,奥涅卡,Onyeka,Onyeka
lang_multi_text.db,MultiText,Speaker_700281_Name,盖耶,Gayer,Gayer
lang_multi_text.db,MultiText,Speaker_700282_Name,萨纳西斯,Thaddeus,Thaddeus
lang_multi_text.db,MultiText,Speaker_700283_Name,凯莱布,Kalebyn,Kalebyn
