db_file,table_name,id,zh,en,vi
lang_multi_text.db,MultiText,Speaker_700274_Name,莱利,Rylee,Rylee
lang_multi_text.db,MultiText,Speaker_700275_Name,科内特,Cornet,Cornet
lang_multi_text.db,MultiText,Speaker_700276_Name,康诺顿,Connerton,Connerton
lang_multi_text.db,MultiText,Speaker_700277_Name,曼恩,Manne,Manne
lang_multi_text.db,MultiText,Speaker_700278_Name,提贾尼,Tidjani,Tidjani
lang_multi_text.db,MultiText,Speaker_700279_Name,克尼佩尔,Knipper,Knipper
lang_multi_text.db,MultiText,Speaker_700280_Name,奥涅卡,Onyeka,Onyeka
lang_multi_text.db,MultiText,Speaker_700281_Name,盖耶,Gayer,Gayer
lang_multi_text.db,MultiText,Speaker_700282_Name,萨纳西斯,Thaddeus,Thaddeus
lang_multi_text.db,MultiText,Speaker_700283_Name,凯莱布,Kalebyn,Kalebyn
lang_multi_text.db,MultiText,Speaker_700284_Name,朱瑞希克,Zuryka,Zuryka
lang_multi_text.db,MultiText,Speaker_700285_Name,法耶,Fayn,Fayn
lang_multi_text.db,MultiText,Speaker_700286_Name,马利克,Malik,Malik
lang_multi_text.db,MultiText,Speaker_700287_Name,雅各布,Jakob,Jakob
lang_multi_text.db,MultiText,Speaker_700288_Name,伊莱,Elaine,Elaine
lang_multi_text.db,MultiText,Speaker_700289_Name,贝西,Bessie,Bessie
lang_multi_text.db,MultiText,Speaker_700290_Name,拉蒙,Ramona,Ramona
lang_multi_text.db,MultiText,Speaker_700291_Name,纽厄尔,Nywell,Nywell
lang_multi_text.db,MultiText,Speaker_700292_Name,伊桑,Athan,Athan
lang_multi_text.db,MultiText,Speaker_700293_Name,西莫妮,Shimone,Shimone
lang_multi_text.db,MultiText,Speaker_700294_Name,丹雅,Dyna,Dyna
lang_multi_text.db,MultiText,Speaker_700295_Name,米纳亚,Minaya,Minaya
lang_multi_text.db,MultiText,Speaker_700296_Name,比塔泽,Betzara,Betzara
lang_multi_text.db,MultiText,Speaker_700297_Name,贝克曼,Bechman,Bechman
lang_multi_text.db,MultiText,Speaker_700298_Name,弗朗茨,Franz,Franz
lang_multi_text.db,MultiText,Speaker_700299_Name,卡曼,Carlyn,Carlyn
lang_multi_text.db,MultiText,Speaker_700300_Name,瑞恩,Ryan,Ryan
lang_multi_text.db,MultiText,Speaker_700301_Name,贝瑞尔,Beryl,Beryl
lang_multi_text.db,MultiText,Speaker_700302_Name,真琴,Makoto,Makoto
lang_multi_text.db,MultiText,Speaker_700303_Name,克劳,Claud,Claud
lang_multi_text.db,MultiText,Speaker_700304_Name,贝辛格,Bessinger,Bessinger
lang_multi_text.db,MultiText,Speaker_700305_Name,柯西,Cauchy,Cauchy
lang_multi_text.db,MultiText,Speaker_700306_Name,奥尔卡莱,Orcalay,Orcalay
lang_multi_text.db,MultiText,Speaker_700307_Name,居维叶,Cuvier,Cuvier
lang_multi_text.db,MultiText,Speaker_700308_Name,格拉图伊,Gratvi,Gratvi
lang_multi_text.db,MultiText,Speaker_700309_Name,惠特尼,Whitney,Whitney
lang_multi_text.db,MultiText,Speaker_700310_Name,布莱姆,Bram,Bram
lang_multi_text.db,MultiText,Speaker_700311_Name,斯隆,Sloan,Sloan
lang_multi_text.db,MultiText,Speaker_700312_Name,佩皮斯,Pepys,Pepys
lang_multi_text.db,MultiText,Speaker_700313_Name,汤川,Yukawa,Yukawa
lang_multi_text.db,MultiText,Speaker_700314_Name,达诺雅,Danoye,Danoye
lang_multi_text.db,MultiText,Speaker_700315_Name,昂内斯,Arnes,Arnes
lang_multi_text.db,MultiText,Speaker_700316_Name,格奥尔格,Giorg,Giorg
lang_multi_text.db,MultiText,Speaker_700317_Name,费兹杰罗,Fitzgerald,Fitzgerald
lang_multi_text.db,MultiText,Speaker_700318_Name,特沃什,Tovash,Tovash
lang_multi_text.db,MultiText,Speaker_700319_Name,海克,Hank,Hank
lang_multi_text.db,MultiText,Speaker_700320_Name,范托夫,Vantov,Vantov
lang_multi_text.db,MultiText,Speaker_700321_Name,贝克兰,Beckland,Beckland
lang_multi_text.db,MultiText,Speaker_700322_Name,波普,Poppe,Poppe
lang_multi_text.db,MultiText,Speaker_700323_Name,莱洛伊尔,Leroiel,Leroiel
lang_multi_text.db,MultiText,Speaker_700324_Name,贝里乌斯,Belius,Belius
lang_multi_text.db,MultiText,Speaker_700325_Name,布朗尼,Bronny,Bronny
lang_multi_text.db,MultiText,Speaker_700326_Name,阿格里亚诺,Agliano,Agliano
lang_multi_text.db,MultiText,Speaker_700327_Name,希里克,Siric,Siric
lang_multi_text.db,MultiText,Speaker_700328_Name,系统提示音,System Notification,Thông Báo Hệ Thống
lang_multi_text.db,MultiText,Speaker_700329_Name,罗比,Robbie,Robbie
lang_multi_text.db,MultiText,Speaker_700330_Name,涂装工程师,Livery Applicator,Kỹ sư sơn phủ
lang_multi_text.db,MultiText,Speaker_700331_Name,卡梅拉,Carmela,Carmela
lang_multi_text.db,MultiText,Speaker_700332_Name,兰比尔,Lambier,Lambier
lang_multi_text.db,MultiText,Speaker_700333_Name,普拉米,Prami,Prami
lang_multi_text.db,MultiText,Speaker_700334_Name,成熟的男声,Mature Male Voice,Giọng Nam Trầm Ấm
lang_multi_text.db,MultiText,Speaker_700335_Name,爱德华兹,Edwards,Edwards
lang_multi_text.db,MultiText,Speaker_700336_Name,垃圾桶,Trash Can,Thùng Rác
lang_multi_text.db,MultiText,Speaker_700337_Name,无奈的校工,Resigned Support Staff,Nhân viên hậu cần bất lực
lang_multi_text.db,MultiText,Speaker_700338_Name,休假中的学生,Student on Break,Học sinh đang nghỉ phép
lang_multi_text.db,MultiText,Speaker_700339_Name,颓丧的学生,Dejected Student,Học Sinh Chán Nản
lang_multi_text.db,MultiText,Speaker_700340_Name,元源,Yuanyuan,Yuanyuan
lang_multi_text.db,MultiText,Speaker_700341_Name,古兰多,Glendor,Glendor
lang_multi_text.db,MultiText,Speaker_700342_Name,陷入思考的学生,Student Lost in Thought,Học sinh trầm tư
lang_multi_text.db,MultiText,Speaker_700343_Name,受不了的学生,Fed-up Student,Học sinh chịu hết nổi
lang_multi_text.db,MultiText,Speaker_700344_Name,米瑞尔,Mirel,Mirel
lang_multi_text.db,MultiText,Speaker_700345_Name,凌杉,Lingshan,Lingshan
lang_multi_text.db,MultiText,Speaker_700346_Name,克努特,Knut,Knut
lang_multi_text.db,MultiText,Speaker_700347_Name,斯威雷,Sverre,Sverre
lang_multi_text.db,MultiText,Speaker_700348_Name,汀德拉,Tyndria,Tyndria
lang_multi_text.db,MultiText,Speaker_700349_Name,绫,Aya,Aya
lang_multi_text.db,MultiText,Speaker_700350_Name,拉格希尔德,Lagerith,Lagerith
lang_multi_text.db,MultiText,Speaker_700351_Name,乔娜,Jonna,Jonna
lang_multi_text.db,MultiText,Speaker_700352_Name,卡塔丽娜,Katrina,Katrina
lang_multi_text.db,MultiText,Speaker_700353_Name,伊温德,Eyvind,Eyvind
lang_multi_text.db,MultiText,Speaker_700354_Name,调皮的日灵,Playful Soliskin,Nhật Linh tinh nghịch
lang_multi_text.db,MultiText,Speaker_700355_Name,稳重的日灵,Composed Soliskin,Nhật Linh điềm tĩnh
lang_multi_text.db,MultiText,Speaker_700356_Name,伊洛妮,Eloni,Eloni
lang_multi_text.db,MultiText,Speaker_700357_Name,奥德吉尔,Odgier,Odgier
lang_multi_text.db,MultiText,Speaker_700358_Name,报告厅安保系统,Conference Hall's Security System,Hệ thống an ninh hội trường
lang_multi_text.db,MultiText,Speaker_700359_Name,拉斯穆斯,Rasmus,Rasmus
lang_multi_text.db,MultiText,Speaker_700360_Name,比约恩,Bjorn,Bjorn
lang_multi_text.db,MultiText,Speaker_700361_Name,英格丽,Inger,Inger
lang_multi_text.db,MultiText,Speaker_700362_Name,约根,Jorgen,Jorgen
lang_multi_text.db,MultiText,Speaker_700363_Name,奥萨,Asa,Asa
lang_multi_text.db,MultiText,Speaker_700364_Name,莉芙,Liv,Liv
lang_multi_text.db,MultiText,Speaker_700365_Name,凑热闹的男孩,Curious Boy,Cậu bé tò mò
lang_multi_text.db,MultiText,Speaker_700366_Name,年轻的罗伊族商贩,Young Roya Merchant,Thương nhân trẻ tộc Roya
lang_multi_text.db,MultiText,Speaker_700367_Name,好心的牧者,Sympathetic Shepherd,Mục giả tốt bụng
lang_multi_text.db,MultiText,Speaker_700368_Name,悲观的少年,Pessimistic Boy,Thiếu niên bi quan
lang_multi_text.db,MultiText,Speaker_700369_Name,英格,Inga,Inga
lang_multi_text.db,MultiText,Speaker_700370_Name,索拉,Serra,Serra
lang_multi_text.db,MultiText,Speaker_700371_Name,英格丽德,Ingrid,Ingrid
lang_multi_text.db,MultiText,Speaker_700372_Name,留索罗特,Lyosroth,Lyosroth
lang_multi_text.db,MultiText,Speaker_700373_Name,亢奋的研究员,Excited Researcher,Nghiên cứu viên hưng phấn
