db_file,table_name,id,zh,en,vi
lang_multi_text.db,MultiText,Speaker_700474_Name,托瓦尔德,Torvald,Torvald
lang_multi_text.db,MultiText,Speaker_700475_Name,米雷科,Mirek,Mirek
lang_multi_text.db,MultiText,Speaker_700476_Name,安雅乔,Anyad,Anyad
lang_multi_text.db,MultiText,Speaker_700477_Name,伽利雷,Galilei,Galilei
lang_multi_text.db,MultiText,Speaker_700478_Name,鲁恩菲尔德,Rhunfield,Rhunfield
lang_multi_text.db,MultiText,Speaker_700479_Name,米连科,Milenco,Milenco
lang_multi_text.db,MultiText,Speaker_700480_Name,安克,Anker,Anker
lang_multi_text.db,MultiText,Speaker_700481_Name,德拉冈,Delgon,Delgon
lang_multi_text.db,MultiText,Speaker_700482_Name,梅尔尼克,Melnyka,Melnyka
lang_multi_text.db,MultiText,Speaker_700483_Name,卡尔勒,Karle,Karle
lang_multi_text.db,MultiText,Speaker_700484_Name,莱夫,Leif,Leif
lang_multi_text.db,MultiText,Speaker_700485_Name,阿登提斯,Adentus,Adentus
lang_multi_text.db,MultiText,Speaker_700486_Name,彼得罗娃,Petrova,Petrova
lang_multi_text.db,MultiText,Speaker_700487_Name,哈尔瓦德,Halvad,Halvad
lang_multi_text.db,MultiText,Speaker_700488_Name,埃蒂丝,Edyth,Edyth
lang_multi_text.db,MultiText,Speaker_700489_Name,阿尔里克,Alrik,Alrik
lang_multi_text.db,MultiText,Speaker_700490_Name,阿丝翠德,Astrid,Astrid
lang_multi_text.db,MultiText,Speaker_700491_Name,孔蒂,Conti,Conti
lang_multi_text.db,MultiText,Speaker_700492_Name,科尔沃,Corvo,Corvo
lang_multi_text.db,MultiText,Speaker_700493_Name,弗约德海姆,Fjordheim,Fjordheim
lang_multi_text.db,MultiText,Speaker_700494_Name,丹津,Danzin,Danzin
lang_multi_text.db,MultiText,Speaker_700495_Name,艾登马克,Eidenmark,Eidenmark
lang_multi_text.db,MultiText,Speaker_700496_Name,雅拉,Yala,Yala
lang_multi_text.db,MultiText,Speaker_700497_Name,闻霁,Wenji,Wenji
lang_multi_text.db,MultiText,Speaker_700498_Name,澪,Mio,Mio
lang_multi_text.db,MultiText,Speaker_700499_Name,卡尔德拉,Caldera,Caldera
lang_multi_text.db,MultiText,Speaker_700500_Name,菲奥莉,Fiori,Fiori
lang_multi_text.db,MultiText,Speaker_700501_Name,莉维娅,Livia,Livia
lang_multi_text.db,MultiText,Speaker_700502_Name,斯菲尔,Spherra,Spherra
lang_multi_text.db,MultiText,Speaker_700503_Name,忏悔的流民,Regretful Outcast,Lưu dân sám hối
lang_multi_text.db,MultiText,Speaker_700504_Name,伦海姆,Lonhaim,Lonhaim
lang_multi_text.db,MultiText,Speaker_700505_Name,准时宝,TARD-E Unit,TARD-E Unit
lang_multi_text.db,MultiText,Speaker_700506_Name,伊山,Esson,Esson
lang_multi_text.db,MultiText,Speaker_700507_Name,哈尔伯格,Halberg,Halberg
lang_multi_text.db,MultiText,Speaker_700508_Name,法里德,Farid,Farid
lang_multi_text.db,MultiText,Speaker_700509_Name,由加莉,Yukari,Yukari
lang_multi_text.db,MultiText,Speaker_700510_Name,莫雷尼,Moreni,Moreni
lang_multi_text.db,MultiText,Speaker_700511_Name,莱昂哈特,Leonhardt,Leonhardt
lang_multi_text.db,MultiText,Speaker_700512_Name,芬奇,Finch,Finch
lang_multi_text.db,MultiText,Speaker_700513_Name,托森,Thorsen,Thorsen
lang_multi_text.db,MultiText,Speaker_700514_Name,英格俪德,Ingrida,Ingrida
lang_multi_text.db,MultiText,Speaker_700515_Name,卡勒布,Kaleb,Kaleb
lang_multi_text.db,MultiText,Speaker_700516_Name,约纳斯,Jonas,Jonas
lang_multi_text.db,MultiText,Speaker_700517_Name,韦尔,Will,Will
lang_multi_text.db,MultiText,Speaker_700518_Name,拉弗,Laffer,Laffer
lang_multi_text.db,MultiText,Speaker_700519_Name,谢尔,Sher,Sher
lang_multi_text.db,MultiText,Speaker_700520_Name,以利亚斯,Elias,Elias
lang_multi_text.db,MultiText,Speaker_700521_Name,琳道尔,Lindell,Lindell
lang_multi_text.db,MultiText,Speaker_700522_Name,伊尔萨,Irsa,Irsa
lang_multi_text.db,MultiText,Speaker_700523_Name,福斯,Foss,Foss
lang_multi_text.db,MultiText,Speaker_700524_Name,维宁,Venera,Venera
lang_multi_text.db,MultiText,Speaker_700525_Name,莱赫托,Lehton,Lehton
lang_multi_text.db,MultiText,Speaker_700526_Name,比约克,Bjork,Bjork
lang_multi_text.db,MultiText,Speaker_700527_Name,安德斯,Anders,Anders
lang_multi_text.db,MultiText,Speaker_700528_Name,赫勒,Heller,Heller
lang_multi_text.db,MultiText,Speaker_700529_Name,遥,Haruka,Haruka
lang_multi_text.db,MultiText,Speaker_700530_Name,海尔米,Helmi,Helmi
lang_multi_text.db,MultiText,Speaker_700531_Name,科伊伍德,Coywood,Coywood
lang_multi_text.db,MultiText,Speaker_700532_Name,维萨宁,Vissani,Vissani
lang_multi_text.db,MultiText,Speaker_700533_Name,尼贝格,Niberg,Niberg
lang_multi_text.db,MultiText,Speaker_700534_Name,多蒂尔,Dotria,Dotria
lang_multi_text.db,MultiText,Speaker_700535_Name,艾蒂安,Etienne,Etienne
lang_multi_text.db,MultiText,Speaker_700536_Name,哈鲁,Haru,Haru
lang_multi_text.db,MultiText,Speaker_700537_Name,亚奇,Aki,Aki
lang_multi_text.db,MultiText,Speaker_700538_Name,霍文,Hoven,Hoven
lang_multi_text.db,MultiText,Speaker_700539_Name,舒力,Shuli,Shuli
lang_multi_text.db,MultiText,Speaker_700540_Name,萨敏,Samin,Samin
lang_multi_text.db,MultiText,Speaker_700541_Name,达勒,Daler,Daler
lang_multi_text.db,MultiText,Speaker_700542_Name,帕亚里,Phayari,Phayari
lang_multi_text.db,MultiText,Speaker_700543_Name,伊妮丝,Inessa,Inessa
lang_multi_text.db,MultiText,Speaker_700544_Name,几月修,Ikutuki Osamu,Ikutuki Osamu
lang_multi_text.db,MultiText,Speaker_700545_Name,伽罗尼,Kilani,Kilani
lang_multi_text.db,MultiText,Speaker_700546_Name,壬,Tsugu,Tsugu
lang_multi_text.db,MultiText,Speaker_700547_Name,学委会理事,Academic Committee Officer,Lý Sự Hội Học Ủy
lang_multi_text.db,MultiText,Speaker_700548_Name,刘延年,Liu Yannian,Liu Yannian
lang_multi_text.db,MultiText,Speaker_700549_Name,刈刘,Yiliu,Yiliu
lang_multi_text.db,MultiText,Speaker_700550_Name,卡洛莉娜,Caroline,Caroline
lang_multi_text.db,MultiText,Speaker_700551_Name,芮思汀娜,Ristina,Ristina
lang_multi_text.db,MultiText,Speaker_700552_Name,托勒密,Ptolemy,Ptolemy
lang_multi_text.db,MultiText,Speaker_700553_Name,帕恰斯,Pachas,Pachas
lang_multi_text.db,MultiText,Speaker_700554_Name,史瓦西,Schwarz,Schwarz
lang_multi_text.db,MultiText,Speaker_700555_Name,特洛姆,Trom,Trom
lang_multi_text.db,MultiText,Speaker_700556_Name,克尔,Kerr,Kerr
lang_multi_text.db,MultiText,Speaker_700557_Name,诺德斯特,Nordstern,Nordstern
lang_multi_text.db,MultiText,Speaker_700558_Name,库斯基,KU-Ske,KU-Ske
lang_multi_text.db,MultiText,Speaker_700559_Name,莱纳德,Leonard,Leonard
lang_multi_text.db,MultiText,Speaker_700560_Name,佩妮,Penny,Penny
lang_multi_text.db,MultiText,Speaker_700561_Name,研究日灵的新人,New Soliskin Researcher,Tân Binh Nghiên Cứu Nhật Linh
lang_multi_text.db,MultiText,Speaker_700562_Name,路过的牧者,Passing Shepherd,Người Chăn Đi Ngang
lang_multi_text.db,MultiText,Speaker_700563_Name,苦恼的前辈,Distressed Senior,Tiền bối khổ não
lang_multi_text.db,MultiText,Speaker_700564_Name,开朗的后辈,Cheerful Newcomer,Hậu bối vui vẻ
lang_multi_text.db,MultiText,Speaker_700565_Name,恐慌的研究员,Panicked Researcher,Nghiên cứu viên hoảng loạn
lang_multi_text.db,MultiText,Speaker_700566_Name,淡定的研究员,Calm Researcher,Nghiên cứu viên điềm tĩnh
lang_multi_text.db,MultiText,Speaker_700567_Name,琉赫塔,Harita,Harita
lang_multi_text.db,MultiText,Speaker_700568_Name,艾尔维尔,Avril,Avril
lang_multi_text.db,MultiText,Speaker_700569_Name,澹宁,Tanning,Tanning
lang_multi_text.db,MultiText,Speaker_700570_Name,亚纯,Asumi,Asumi
lang_multi_text.db,MultiText,Speaker_700571_Name,弗尔克,Felker,Felker
lang_multi_text.db,MultiText,Speaker_700572_Name,乐市,Rakuichi,Rakuichi
lang_multi_text.db,MultiText,Speaker_700573_Name,费尔希达,Faerhirda,Faerhirda
